<?xml version="1.0" encoding="UTF-8"?>
<MF0 version="1.1" packageUris="http://schema.mathworks.com/mf0/sl_modelref_info/R2019a">
  <ModelRefInfoRepo.ModelRefInfoRoot type="ModelRefInfoRepo.ModelRefInfoRoot" uuid="5da2889c-4f09-4af9-a611-c4ae3290cbe6">
    <autoSolverStatusFlags>333</autoSolverStatusFlags>
    <childModelRefInfo type="ModelRefInfoRepo.ChildModelRefInfo" uuid="3761efc6-74e5-4207-8064-fd448688e258">
      <modelName>Aluminum_Robot_ARM</modelName>
      <modelPath>Aluminum_Robot_ARM</modelPath>
    </childModelRefInfo>
    <dataTransferInfos>AAFJTQAAAAAOAAAAOAAAAAYAAAAIAAAAAgAAAAAAAAAFAAAACAAAAAAAAAABAAAAAQAAAAAAAAAFAAQAAQAAAAEAAAAAAAAA</dataTransferInfos>
    <hasBlockUsingZOHContinuousSampleTime>true</hasBlockUsingZOHContinuousSampleTime>
    <hasBlockWithPeriodicDiscreteSampleTime>true</hasBlockWithPeriodicDiscreteSampleTime>
    <hasBwsAccessed>true</hasBwsAccessed>
    <hasBwsAccessedByAnyModel>true</hasBwsAccessedByAnyModel>
    <hasContinuousSampleTime>true</hasContinuousSampleTime>
    <hasNonVirtualConstantTs>true</hasNonVirtualConstantTs>
    <hasNonVirtualParameterChangeEvents>true</hasNonVirtualParameterChangeEvents>
    <hasNoncontSigFeedingDerivPorts>true</hasNoncontSigFeedingDerivPorts>
    <hasSignalLogging>true</hasSignalLogging>
    <hasVariantModelOrSubsystem>true</hasVariantModelOrSubsystem>
    <loggingSaveFormat>2</loggingSaveFormat>
    <massMatrixNzMax>32</massMatrixNzMax>
    <massMatrixType>1</massMatrixType>
    <maxFreqHz>-1</maxFreqHz>
    <needAbsoluteTimeForNonLoggingPurpose>true</needAbsoluteTimeForNonLoggingPurpose>
    <numContinuousStates>40</numContinuousStates>
    <runtimeNonFcnCallRateInfos type="ModelRefInfoRepo.RateInfo">
      <compiled>true</compiled>
      <needAbsoluteTime>true</needAbsoluteTime>
      <period>0</period>
      <priority>40</priority>
      <rateIdx>0</rateIdx>
    </runtimeNonFcnCallRateInfos>
    <runtimeNonFcnCallRateInfos type="ModelRefInfoRepo.RateInfo">
      <compiled>true</compiled>
      <needAbsoluteTime>true</needAbsoluteTime>
      <offset>1</offset>
      <period>0</period>
      <priority>40</priority>
      <rateIdx>1</rateIdx>
    </runtimeNonFcnCallRateInfos>
    <runtimeNonFcnCallRateInfos type="ModelRefInfoRepo.RateInfo">
      <compiled>true</compiled>
      <needAbsoluteTime>true</needAbsoluteTime>
      <nonFcnCallPartitionName>Cont</nonFcnCallPartitionName>
      <period>0.001</period>
      <priority>40</priority>
      <rateIdx>2</rateIdx>
    </runtimeNonFcnCallRateInfos>
    <runtimeNonFcnCallRateInfos type="ModelRefInfoRepo.RateInfo">
      <compiled>true</compiled>
      <needAbsoluteTime>true</needAbsoluteTime>
      <nonFcnCallPartitionName>Cont</nonFcnCallPartitionName>
      <period>0.01</period>
      <priority>40</priority>
      <rateIdx>3</rateIdx>
    </runtimeNonFcnCallRateInfos>
    <sampleTimeInheritanceRule>2</sampleTimeInheritanceRule>
    <solverUpdateJacobianAtReset>true</solverUpdateJacobianAtReset>
    <timingAndTaskingRegistry>&lt;?xml version=&quot;1.0&quot;?&gt;
&lt;slexec_sto version=&quot;1.1&quot; packageUris=&quot;http://schema.mathworks.com/mf0/slexec_mm_sto/R2019a_201808021136&quot;&gt;
  &lt;sto.Registry type=&quot;sto.Registry&quot; uuid=&quot;74b79d0e-113d-4270-b451-4a812b2b7caa&quot;&gt;
    &lt;clocks type=&quot;sto.Timer&quot; uuid=&quot;c6c39ff7-f701-4a70-95a8-13ac31f1c910&quot;&gt;
      &lt;needsToProvideTimeDuringExecution&gt;true&lt;/needsToProvideTimeDuringExecution&gt;
      &lt;timeAdvanceMode&gt;VariableStep&lt;/timeAdvanceMode&gt;
      &lt;clockDomain type=&quot;sto.ClockDomain&quot; uuid=&quot;7d3853be-8ff5-4be3-b020-54e4a51b280a&quot;&gt;
        &lt;baseTaskID&gt;_task0&lt;/baseTaskID&gt;
        &lt;computedFundamentalStepSize&gt;0.001&lt;/computedFundamentalStepSize&gt;
        &lt;rates type=&quot;sto.Rate&quot; uuid=&quot;e2fa2caa-d51c-4e54-8abd-280458220f95&quot;/&gt;
        &lt;rates type=&quot;sto.Rate&quot; uuid=&quot;70c9ad69-fae7-40ca-b6cd-2ae7a6b36eee&quot;/&gt;
        &lt;rates type=&quot;sto.Rate&quot; uuid=&quot;b89dbe5c-fc43-48e0-8b4c-765656fa57a3&quot;/&gt;
        &lt;rates type=&quot;sto.Rate&quot; uuid=&quot;83572df0-e719-4209-9868-cccd6d1eaa7f&quot;/&gt;
        &lt;rootTaskHierarchyElements type=&quot;sto.Task&quot; uuid=&quot;1f1a0118-b7b6-45f2-89e3-f53513eb678a&quot;&gt;
          &lt;isExecutable&gt;true&lt;/isExecutable&gt;
          &lt;orderIndex&gt;1&lt;/orderIndex&gt;
          &lt;rates type=&quot;sto.Rate&quot; uuid=&quot;e2fa2caa-d51c-4e54-8abd-280458220f95&quot;&gt;
            &lt;annotation&gt;Cont&lt;/annotation&gt;
            &lt;description&gt;Continuous&lt;/description&gt;
            &lt;eventSourceType&gt;UNSPECIFIED_EVENT_SOURCE&lt;/eventSourceType&gt;
            &lt;registry type=&quot;sto.Registry&quot; uuid=&quot;74b79d0e-113d-4270-b451-4a812b2b7caa&quot;/&gt;
            &lt;taskId&gt;_task0&lt;/taskId&gt;
            &lt;rateSpec type=&quot;sto.RateSpec&quot; uuid=&quot;db6bdea4-a39d-496d-b8aa-d4faed1dc9c8&quot;/&gt;
          &lt;/rates&gt;
          &lt;rates type=&quot;sto.Rate&quot; uuid=&quot;70c9ad69-fae7-40ca-b6cd-2ae7a6b36eee&quot;&gt;
            &lt;annotation&gt;FiM&lt;/annotation&gt;
            &lt;colorIndex&gt;8&lt;/colorIndex&gt;
            &lt;description&gt;Fixed in Minor Step&lt;/description&gt;
            &lt;eventSourceType&gt;UNSPECIFIED_EVENT_SOURCE&lt;/eventSourceType&gt;
            &lt;rateIDX&gt;1&lt;/rateIDX&gt;
            &lt;registry type=&quot;sto.Registry&quot; uuid=&quot;74b79d0e-113d-4270-b451-4a812b2b7caa&quot;/&gt;
            &lt;taskId&gt;_task0&lt;/taskId&gt;
            &lt;rateSpec type=&quot;sto.RateSpec&quot; uuid=&quot;05ad71e7-227c-4d51-b01f-240394b6a759&quot;&gt;
              &lt;offset&gt;1&lt;/offset&gt;
              &lt;rateType&gt;ZOHContinuous&lt;/rateType&gt;
            &lt;/rateSpec&gt;
          &lt;/rates&gt;
          &lt;rates type=&quot;sto.Rate&quot; uuid=&quot;b89dbe5c-fc43-48e0-8b4c-765656fa57a3&quot;&gt;
            &lt;annotation&gt;D1&lt;/annotation&gt;
            &lt;colorIndex&gt;2&lt;/colorIndex&gt;
            &lt;description&gt;Discrete 1&lt;/description&gt;
            &lt;eventSourceType&gt;UNSPECIFIED_EVENT_SOURCE&lt;/eventSourceType&gt;
            &lt;rateIDX&gt;2&lt;/rateIDX&gt;
            &lt;registry type=&quot;sto.Registry&quot; uuid=&quot;74b79d0e-113d-4270-b451-4a812b2b7caa&quot;/&gt;
            &lt;taskId&gt;_task0&lt;/taskId&gt;
            &lt;rateSpec type=&quot;sto.RateSpec&quot; uuid=&quot;e9d93e04-18a6-47e3-9b87-067acbedf94c&quot;&gt;
              &lt;period&gt;0.001&lt;/period&gt;
              &lt;rateType&gt;ClassicPeriodicDiscrete&lt;/rateType&gt;
            &lt;/rateSpec&gt;
          &lt;/rates&gt;
          &lt;rates type=&quot;sto.Rate&quot; uuid=&quot;83572df0-e719-4209-9868-cccd6d1eaa7f&quot;&gt;
            &lt;annotation&gt;D2&lt;/annotation&gt;
            &lt;colorIndex&gt;3&lt;/colorIndex&gt;
            &lt;description&gt;Discrete 2&lt;/description&gt;
            &lt;eventSourceType&gt;UNSPECIFIED_EVENT_SOURCE&lt;/eventSourceType&gt;
            &lt;rateIDX&gt;3&lt;/rateIDX&gt;
            &lt;registry type=&quot;sto.Registry&quot; uuid=&quot;74b79d0e-113d-4270-b451-4a812b2b7caa&quot;/&gt;
            &lt;taskId&gt;_task0&lt;/taskId&gt;
            &lt;rateSpec type=&quot;sto.RateSpec&quot; uuid=&quot;bf80685c-2ce7-40d1-b28d-5be1212243dc&quot;&gt;
              &lt;period&gt;0.01&lt;/period&gt;
              &lt;rateType&gt;ClassicPeriodicDiscrete&lt;/rateType&gt;
            &lt;/rateSpec&gt;
          &lt;/rates&gt;
          &lt;elementType&gt;Task&lt;/elementType&gt;
          &lt;identifier&gt;_task0&lt;/identifier&gt;
          &lt;priority&gt;40&lt;/priority&gt;
        &lt;/rootTaskHierarchyElements&gt;
      &lt;/clockDomain&gt;
    &lt;/clocks&gt;
    &lt;clocks type=&quot;sto.Event&quot; uuid=&quot;b467c8be-6930-455b-a0c6-ef2391011380&quot;&gt;
      &lt;eventType&gt;PARAMETER_CHANGE_EVENT&lt;/eventType&gt;
      &lt;cNum&gt;1&lt;/cNum&gt;
      &lt;clockType&gt;Event&lt;/clockType&gt;
      &lt;identifier&gt;ParameterChangeEvent&lt;/identifier&gt;
      &lt;resolution&gt;-1&lt;/resolution&gt;
      &lt;specifiedTaskingMode&gt;ExplicitTasking&lt;/specifiedTaskingMode&gt;
      &lt;timeAdvanceMode&gt;None&lt;/timeAdvanceMode&gt;
      &lt;clockDomain type=&quot;sto.ClockDomain&quot; uuid=&quot;456c457d-f3ec-4e89-9fb0-74f4613f7774&quot;&gt;
        &lt;computedFundamentalStepSize&gt;-1&lt;/computedFundamentalStepSize&gt;
        &lt;rates type=&quot;sto.Rate&quot; uuid=&quot;e4ee8850-628e-477d-a080-0a2b371d152b&quot;/&gt;
        &lt;rootTaskHierarchyElements type=&quot;sto.Task&quot; uuid=&quot;0dd5bc0a-196f-4cba-bbd9-c4ea3e997bde&quot;&gt;
          &lt;isExecutable&gt;true&lt;/isExecutable&gt;
          &lt;isExplicit&gt;true&lt;/isExplicit&gt;
          &lt;rates type=&quot;sto.Rate&quot; uuid=&quot;e4ee8850-628e-477d-a080-0a2b371d152b&quot;&gt;
            &lt;annotation&gt;Inf&lt;/annotation&gt;
            &lt;colorIndex&gt;6&lt;/colorIndex&gt;
            &lt;description&gt;Constant&lt;/description&gt;
            &lt;eventSourceType&gt;PARAMETER_CHANGE_EVENT&lt;/eventSourceType&gt;
            &lt;rateIDX&gt;4&lt;/rateIDX&gt;
            &lt;registry type=&quot;sto.Registry&quot; uuid=&quot;74b79d0e-113d-4270-b451-4a812b2b7caa&quot;/&gt;
            &lt;stringID&gt;ParameterChangeEvent&lt;/stringID&gt;
            &lt;taskId&gt;ModelWideParameterChangeEvent&lt;/taskId&gt;
            &lt;rateSpec type=&quot;sto.RateSpec&quot; uuid=&quot;3d5751c1-6242-4c84-ba4a-4ab231d97394&quot;&gt;
              &lt;period&gt;inf&lt;/period&gt;
              &lt;rateType&gt;ModelWideParameterChangeEvent&lt;/rateType&gt;
            &lt;/rateSpec&gt;
          &lt;/rates&gt;
          &lt;tNum&gt;1&lt;/tNum&gt;
          &lt;timeKeeperClockID&gt;ParameterChangeEvent&lt;/timeKeeperClockID&gt;
          &lt;elementType&gt;Task&lt;/elementType&gt;
          &lt;identifier&gt;ModelWideParameterChangeEvent&lt;/identifier&gt;
          &lt;priority&gt;-1&lt;/priority&gt;
          &lt;schedulingClockID&gt;ParameterChangeEvent&lt;/schedulingClockID&gt;
        &lt;/rootTaskHierarchyElements&gt;
      &lt;/clockDomain&gt;
    &lt;/clocks&gt;
    &lt;executionSpec&gt;Undetermined&lt;/executionSpec&gt;
    &lt;hasUnknownEdges&gt;true&lt;/hasUnknownEdges&gt;
    &lt;taskDependencyGraph type=&quot;sto.SerializedTaskConnectionList&quot; uuid=&quot;aec29479-3aa5-40b0-aea5-2d944223d170&quot;&gt;
      &lt;serializedConnectionProperties type=&quot;sto.SerializedConnectionProperties&quot; uuid=&quot;63affe75-3f2c-46b7-8706-be8f95f0934f&quot;&gt;
        &lt;expectedExecOrder&gt;Unknown&lt;/expectedExecOrder&gt;
        &lt;targetClockIdentifier&gt;ParameterChangeEvent&lt;/targetClockIdentifier&gt;
        &lt;targetTaskIdentifier&gt;ModelWideParameterChangeEvent&lt;/targetTaskIdentifier&gt;
      &lt;/serializedConnectionProperties&gt;
      &lt;taskIdentifier&gt;_task0&lt;/taskIdentifier&gt;
    &lt;/taskDependencyGraph&gt;
    &lt;taskDependencyGraph type=&quot;sto.SerializedTaskConnectionList&quot; uuid=&quot;21c2ce4f-f798-4ba4-9bdb-3a225262f640&quot;&gt;
      &lt;clockIdentifier&gt;ParameterChangeEvent&lt;/clockIdentifier&gt;
      &lt;serializedConnectionProperties type=&quot;sto.SerializedConnectionProperties&quot; uuid=&quot;84ef1174-f547-41d7-8090-beb66fd30191&quot;&gt;
        &lt;expectedExecOrder&gt;Unknown&lt;/expectedExecOrder&gt;
        &lt;targetTaskIdentifier&gt;_task0&lt;/targetTaskIdentifier&gt;
      &lt;/serializedConnectionProperties&gt;
      &lt;taskIdentifier&gt;ModelWideParameterChangeEvent&lt;/taskIdentifier&gt;
    &lt;/taskDependencyGraph&gt;
    &lt;taskPriorityDirection&gt;HighNumberLast&lt;/taskPriorityDirection&gt;
    &lt;tasks type=&quot;sto.Task&quot; uuid=&quot;1f1a0118-b7b6-45f2-89e3-f53513eb678a&quot;/&gt;
    &lt;tasks type=&quot;sto.Task&quot; uuid=&quot;0dd5bc0a-196f-4cba-bbd9-c4ea3e997bde&quot;/&gt;
    &lt;timeAdvanceMode&gt;VariableStep&lt;/timeAdvanceMode&gt;
  &lt;/sto.Registry&gt;
&lt;/slexec_sto&gt;</timingAndTaskingRegistry>
    <FMUBlockMap type="ModelRefInfoRepo.FMUBlockInfo" uuid="c5da340f-1dd8-4784-8433-d7de506eab5c"/>
    <codeGenInfo type="ModelRefInfoRepo.CodeGenInformation" uuid="d6c60057-50e8-46fe-ae0c-32906a7450bd"/>
    <configSettingsForConsistencyChecks type="ModelRefInfoRepo.ConfigSettingsForConsistencyChecks" uuid="7bf67972-690d-4b33-82bd-211dd1bcc5d0">
      <consistentOutportInitialization>true</consistentOutportInitialization>
      <frameDiagnosticSetting>2</frameDiagnosticSetting>
      <signalLoggingSaveFormat>2</signalLoggingSaveFormat>
      <solverName>ode23t</solverName>
      <hardwareSettings type="ModelRefInfoRepo.HardwareSettings" uuid="b3a9523b-ca6d-4013-8cc4-d79ed1943957">
        <prodBitPerChar>8</prodBitPerChar>
        <prodBitPerDouble>64</prodBitPerDouble>
        <prodBitPerFloat>32</prodBitPerFloat>
        <prodBitPerInt>32</prodBitPerInt>
        <prodBitPerLong>32</prodBitPerLong>
        <prodBitPerLongLong>64</prodBitPerLongLong>
        <prodBitPerPointer>64</prodBitPerPointer>
        <prodBitPerPtrDiffT>64</prodBitPerPtrDiffT>
        <prodBitPerShort>16</prodBitPerShort>
        <prodBitPerSizeT>64</prodBitPerSizeT>
        <prodEndianess>1</prodEndianess>
        <prodShiftRight>true</prodShiftRight>
        <prodWordSize>64</prodWordSize>
      </hardwareSettings>
    </configSettingsForConsistencyChecks>
    <dataPortGroup type="ModelRefInfoRepo.DataPortGroup" uuid="33c3fbf8-b509-496c-9faa-6857d1fbb77f"/>
    <interfaceParameterInfo type="ModelRefInfoRepo.InterfaceParameterInfo" uuid="2412a567-817e-49ac-b28b-86650211e48d"/>
    <messageInfo type="ModelRefInfoRepo.MessageInformation" uuid="b0d04c84-041e-48a3-9e35-667f6c42272d"/>
    <methodInfo type="ModelRefInfoRepo.MethodExistenceInfo" uuid="e534911e-fa6a-4319-89a3-053d5de9b298">
      <hasDerivMethod>true</hasDerivMethod>
      <hasDisableMethod>true</hasDisableMethod>
      <hasForcingFunctionMethod>true</hasForcingFunctionMethod>
      <hasMassMatrixMethod>true</hasMassMatrixMethod>
      <hasProjectionMethod>true</hasProjectionMethod>
      <hasSystemInitializeMethod>true</hasSystemInitializeMethod>
      <hasSystemResetMethod>true</hasSystemResetMethod>
      <hasTerminateMethod>true</hasTerminateMethod>
      <hasUpdateMethod>true</hasUpdateMethod>
    </methodInfo>
    <periodicEventPortUnsupportedBlockInfo type="ModelRefInfoRepo.PeriodicEventPortUnsupportedBlockInfo" uuid="4d66475b-1f02-426d-91b3-7379b9acfcb2">
      <multiRateBlocks>Aluminum_Robot_ARM/Controller/Bus Creator3</multiRateBlocks>
      <multiRateBlocks>Aluminum_Robot_ARM/ROBOT4DOF/Subsystem/Solver Configuration/EVAL_KEY/INPUT_2_1_1</multiRateBlocks>
      <multiRateBlocks>Aluminum_Robot_ARM/ROBOT4DOF/Subsystem/Solver Configuration/EVAL_KEY/INPUT_3_1_1</multiRateBlocks>
      <multiRateBlocks>Aluminum_Robot_ARM/ROBOT4DOF/Subsystem/Solver Configuration/EVAL_KEY/INPUT_8_1_1</multiRateBlocks>
      <multiRateBlocks>Aluminum_Robot_ARM/ROBOT4DOF/Subsystem/Solver Configuration/EVAL_KEY/INPUT_9_1_1</multiRateBlocks>
    </periodicEventPortUnsupportedBlockInfo>
    <portGroupsRequireSameRate type="ModelRefInfoRepo.PortGroupsRequireSameRate" uuid="f0e4e155-0b79-489c-bbb9-a043b18d72eb">
      <DSMPortGroups type="ModelRefInfoRepo.NameToPortGroupIdxVectMap" uuid="d996bc92-3541-4bc8-a64b-0632bc9d5f39"/>
      <GlobalDSMPortGroups type="ModelRefInfoRepo.NameToPortGroupIdxVectMap" uuid="ddabff89-99d9-4048-91a5-e6ea46c0d35f"/>
      <mergedPortGroups type="ModelRefInfoRepo.NameToPortGroupIdxVectMap" uuid="ab9a6017-ac96-4dd1-9b94-0aacf300c41a"/>
    </portGroupsRequireSameRate>
    <rateSpecOfGlobalDSMAccessedByDescExpFcnMdlMap type="ModelRefInfoRepo.GlobalDSMRateSpecMap" uuid="3c7025f5-c025-4855-886b-d17624545622"/>
    <simulinkFunctions type="ModelRefInfoRepo.SimulinkFunctions" uuid="a2bd35be-3394-487b-bc0b-35dcf67a2947">
      <compSimulinkFunctionCatalog></compSimulinkFunctionCatalog>
      <variantSimulinkFunctions type="ModelRefInfoRepo.VariantSimulinkFunctions" uuid="bc98a902-b50e-425b-876a-854c3589235c"/>
    </simulinkFunctions>
    <stateWriterToOwnerMap type="ModelRefInfoRepo.StateWriterInfo" uuid="8bff9d6d-dbf8-4fa4-803b-1a8b437d03cc"/>
  </ModelRefInfoRepo.ModelRefInfoRoot>
</MF0>